άτ9,-8
ets Jun  8 2016 00:22:57

rst:0x1 (POWERON_RESET),boot:0x13 (SPI_FAST_FLASH_BOOT)
configsip: 188777542, SPIWP:0xee
clk_drv:0x00,q_drv:0x00,d_drv:0x00,cs0_drv:0x00,hd_drv:0x00,wp_drv:0x00
mode:DIO, clock div:1
load:0x3fff0030,len:4876
ho 0 tail 12 room 4
load:0x40078000,len:16532
load:0x40080400,len:3500
entry 0x400805b4
LoRa Receiver Test
LoRa Initializing OK!
1,-13
2,-13
3,-13
4,-13
5,-13
6,-13
7,-13
8,-13
9,-13
10,-13
11,-13
12,-13
13,-13
14,-13
15,-13
16,-13
17,-13
18,-13
19,-13
20,-13
21,-13
22,-13
23,-13
24,-13
25,-13
26,-23
27,-13
28,-13
29,-13
30,-13
31,-13
32,-24
33,-13
34,-13
35,-13
36,-23
37,-13
38,-13
39,-13
40,-13
41,-13
42,-13
43,-13
44,-13
45,-13
46,-13
47,-13
48,-13
49,-13
50,-13
51,-13
52,-13
53,-14
54,-13
55,-13
