0,ONE,-23
1,ONE,-23
2,ONE,-23
3,ONE,-24
4,ONE,-23
5,ONE,-23
6,ONE,-23
7,ONE,-23
8,ONE,-23
9,ONE,-23
10,ONE,-23
11,ONE,-23
12,ONE,-23
13,ONE,-23
14,ONE,-23
15,ONE,-23
16,ONE,-23
17,ONE,-23
18,ONE,-23
19,ONE,-23
20,ONE,-23
21,ONE,-23
22,ONE,-23
23,ONE,-23
24,ONE,-23
25,ONE,-23
26,ONE,-23
27,ONE,-23
28,ONE,-23
29,ONE,-23
30,ONE,-23
31,ONE,-23
32,ONE,-23
33,ONE,-23
34,ONE,-23
35,ONE,-23
36,ONE,-23
37,ONE,-23
38,ONE,-23
39,ONE,-23
40,ONE,-23
41,ONE,-23
42,ONE,-23
43,ONE,-23
44,ONE,-23
45,ONE,-23
46,ONE,-23
47,ONE,-23
48,ONE,-23
49,ONE,-23
50,ONE,-23
51,ONE,-23
52,ONE,-23
53,ONE,-23
54,ONE,-23
55,ONE,-23
